{
  "version": 1.0,
  "egoVehicle": {
    "DataID": 20200003,
    "UNIQUEID": -1,
    "m_eobstacleObjType": 0,
    "initPosition": {
      "initPositionMode": "Absolute",
      "pos": {
        "x": 106.98799896240234,
        "y": 1232.43603515625,
        "z": -0.40900000929832458,
        "_x": "106.988",
        "_y": "1,232.436",
        "_z": "-0.409"
      },
      "rot": {
        "roll": "-359.693",
        "pitch": "0.489",
        "yaw": "-29.315"
      },
      "initLink": "",
      "initLinkRatio": 0,
      "gear": 4,
      "vehicleSaveData": {
        "velocity": 3.6080234050750732,
        "inputData": [
          0,
          0,
          0,
          0,
          0,
          1,
          4,
          0,
          0,
          0
        ],
        "vehicle": {
          "time": 414.031005859375,
          "lastVelocity": {
            "x": -0.87221556901931763,
            "y": -0.0020993684884160757,
            "z": 0.49209094047546387
          },
          "lastImpactTime": 0.0
        },
        "wheels": [
          {
            "L": 3.6877517700195313,
            "Tr": -18.908130645751953,
            "contactDepth": 0.052271157503128052,
            "lastTireForce": {
              "x": 22.511466979980469,
              "y": 59.087909698486328
            }
          },
          {
            "L": 3.6864709854125977,
            "Tr": -18.907051086425781,
            "contactDepth": 0.049793392419815063,
            "lastTireForce": {
              "x": -72.485946655273438,
              "y": 59.084499359130859
            }
          },
          {
            "L": 3.6877572536468506,
            "Tr": 0.1888287365436554,
            "contactDepth": 0.033440500497817993,
            "lastTireForce": {
              "x": -12.545982360839844,
              "y": -0.59008979797363281
            }
          },
          {
            "L": 3.6865024566650391,
            "Tr": 0.18977983295917511,
            "contactDepth": 0.035564213991165161,
            "lastTireForce": {
              "x": -13.367018699645996,
              "y": -0.59306198358535767
            }
          }
        ],
        "engine": {
          "L": 39.258785247802734,
          "Treaction": -30.693767547607422,
          "rpmLimiterActive": false,
          "rpmLimiterTime": 0.0,
          "tcsActivationTime": -1.0
        },
        "gearbox": {
          "L": 0.053734105080366135,
          "manualGear": 0,
          "manualRatio": 0.0,
          "engaged": false,
          "lastEngagedTime": 0.0,
          "lastAutoShiftTime": 0.0,
          "vehicleMoving": false,
          "gearMode": 4,
          "automaticGear": 1,
          "automaticRatio": 3.8670001029968262,
          "transition": false,
          "transitionStartedTime": 406.73501586914063,
          "fromGear": -1,
          "toGear": 1,
          "fromRatio": -5.35099983215332,
          "toRatio": 3.8670001029968262,
          "transitionRatio": -5.35099983215332
        },
        "lastVelocity": {
          "x": -0.87221556901931763,
          "y": -0.0020993684884160757,
          "z": 0.49209094047546387
        }
      }
    },
    "currentVelocity": 3.6080234050750732,
    "v2vUDPSessionInfo": {
      "isInit": false,
      "v2vConfig": {
        "hostIP": "0.0.0.0",
        "Port": 5641,
        "receiveTimeout": 0,
        "BuffSize": 8196,
        "surroundVehiclePubTime": 100
      }
    },
    "beforeControlMode": 0,
    "currentControlMode": 1
  },
  "vehicleList": [],
  "pedestrianList": [],
  "objectList": [],
  "spawnPointList": [],
  "tlList": [
    {
      "index": 0,
      "state": 0,
      "deltaTime": 7.7566390037536621
    },
    {
      "index": 1,
      "state": 0,
      "deltaTime": 7.7566390037536621
    },
    {
      "index": 2,
      "state": 3,
      "deltaTime": 17.753131866455078
    },
    {
      "index": 3,
      "state": 2,
      "deltaTime": 17.777339935302734
    },
    {
      "index": 4,
      "state": 2,
      "deltaTime": 17.777339935302734
    },
    {
      "index": 5,
      "state": 3,
      "deltaTime": 7.7566390037536621
    },
    {
      "index": 6,
      "state": 2,
      "deltaTime": 17.777339935302734
    }
  ],
  "mapInfo": {
    "mapName": "R_KR_PG_K-City",
    "eastOffset": 302459.942,
    "northOffset": 4122635.537,
    "globalCoordinateSystem": "UTM52N",
    "scenarioCoordinateSystem": "ENU"
  },
  "v2IInfo": {
    "isAlive": false,
    "acceptIp": "127.0.0.1",
    "acceptPort": 5000,
    "v2vIP": "127.0.0.1"
  },
  "pedspawnPointList": [],
  "aiPedstrianList": [],
  "shadedAreaList": [],
  "frictionChangeMaterialList": []
}